aura_divinity		incomplete	_aura_divinity
aura_protection		incomplete	_aura_protection
aura_recept		incomplete	_aura_recept
aura_sapstahp		incomplete	_aura_sapstahp
aura_speedmove		incomplete	_aura_speedmove
aura_wall_fy		incomplete	_aura_wall_fy
aura_wall_ma		incomplete	_aura_wall_ma
aura_wall_tr		incomplete	_aura_wall_tr
aura_wall_zo		incomplete	_aura_wall_zo
aura_warcry		incomplete	_aura_warcry
blank		incomplete	_blank
bloblight		incomplete	_bloblight
braziera		incomplete	_braziera
brazierb		incomplete	_brazierb
brazierc		incomplete	_brazierc
brazierd		incomplete	_brazierd
braziere		incomplete	_braziere
brazierf		incomplete	_brazierf
builtdust		incomplete	_builtdust
burntreeblow		incomplete	_burntreeblow
burntreeexplo		incomplete	_burntreeexplo
burntreefire		incomplete	_burntreefire
burntreefleur		incomplete	_burntreefleur
burntreeinvoq		incomplete	_burntreeinvoq
burntreenrg		incomplete	_burntreenrg
burntreespell		incomplete	_burntreespell
burntreeveget		incomplete	_burntreeveget
campfire		incomplete	_campfire
ca_wea_muzzle_1shot		karavan	weapon	incomplete	_muzzle_1shot
ca_wea_muzzle_gatling		karavan	weapon	incomplete	_muzzle_gatling
chutefalling		incomplete	_chutefalling
chutefallingb		incomplete	_chutefallingb
chuteimpact		incomplete	_chuteimpact
cityfire		incomplete	_cityfire
clapclapattack		incomplete	_clapclapattack
clapclapmove		incomplete	_clapclapmove
clapclapsplash		incomplete	_clapclapsplash
desert-sandblasta		incomplete	_desert-sandblasta
desert-sandblastb		incomplete	_desert-sandblastb
de_fishes		incomplete	_de_fishes
de_flower		incomplete	_de_flower
de_scorpion2		incomplete	_de_scorpion2
de_serpent		incomplete	_de_serpent
dressing_electric_hof_l		incomplete	_dressing_electric_hof_l
dressing_electric_hom		incomplete	_dressing_electric_hom
dressing_electric_hom_l_hand		incomplete	_dressing_electric_hom_l_hand
dressing_electric_hom_r_hand		incomplete	_dressing_electric_hom_r_hand
dressing_hof_electric_r		incomplete	_dressing_hof_electric_r
dressing_jongle_a		incomplete	_dressing_jongle_a
dressing_jongle_b		incomplete	_dressing_jongle_b
dressing_jongle_c		incomplete	_dressing_jongle_c
dustdagwalk		incomplete	_dustdagwalk
dustdagwalknight		incomplete	_dustdagwalknight
dustdoor		incomplete	_dustdoor
dustrunhomin		incomplete	_dustrunhomin
dustrunvarynx		incomplete	_dustrunvarynx
duststep		incomplete	_duststep
duststepbul		incomplete	_duststepbul
dustwalkbull		incomplete	_dustwalkbull
dustwalkbullnight		incomplete	_dustwalkbullnight
eaublink		incomplete	_eaublink
eaububble		incomplete	_eaububble
eauripple		incomplete	_eauripple
eauwaves		incomplete	_eauwaves
env-pluie		incomplete	_env-pluie
env-pluiebruine		incomplete	_env-pluiebruine
env-pollen		incomplete	_env-pollen
env-snow		incomplete	_env-snow
env-thundersand		incomplete	_env-thundersand
env-underwater		incomplete	_env-underwater
env_aqua		incomplete	_env_aqua
env_aqua2		incomplete	_env_aqua2
etoile_filante		incomplete	_etoile_filante
fireballinvoq		incomplete	_fireballinvoq
fireworka		incomplete	_fireworka
fireworkb		incomplete	_fireworkb
fireworkc		incomplete	_fireworkc
fireworkd		incomplete	_fireworkd
fireworke		incomplete	_fireworke
fireworkf		incomplete	_fireworkf
fireworkg		incomplete	_fireworkg
fireworkh		incomplete	_fireworkh
fireworki		incomplete	_fireworki
fireworkj		incomplete	_fireworkj
fireworkk		incomplete	_fireworkk
fireworkl		incomplete	_fireworkl
fireworkm		incomplete	_fireworkm
fireworkn		incomplete	_fireworkn
fireworko		incomplete	_fireworko
fireworkp		incomplete	_fireworkp
fireworkq		incomplete	_fireworkq
fireworkr		incomplete	_fireworkr
fireworks		incomplete	_fireworks
fo-bugsa		incomplete	_fo-bugsa
fo-bugsb		incomplete	_fo-bugsb
fo-bugsc		incomplete	_fo-bugsc
fo-ju-colibrisb		incomplete	_fo-ju-colibrisb
fo-solbirtha		incomplete	_fo-solbirtha
fo-solbirthb		incomplete	_fo-solbirthb
fo-solbirthc		incomplete	_fo-solbirthc
fo-treefalla		incomplete	_fo-treefalla
fo-treefallb		incomplete	_fo-treefallb
fo-treefallb_autumn		incomplete	_fo-treefallb_autumn
fo-treefallb_spring		incomplete	_fo-treefallb_spring
fo-treefallb_summer		incomplete	_fo-treefallb_summer
fo-treefallb_winter		incomplete	_fo-treefallb_winter
fo-treefallc		incomplete	_fo-treefallc
fo-treefalld		incomplete	_fo-treefalld
fo-treefalle		incomplete	_fo-treefalle
forge		incomplete	_forge
forgesmokeout		incomplete	_forgesmokeout
for_cure		incomplete	_for_cure
for_explosion		incomplete	_for_explosion
for_forage		incomplete	_for_forage
for_gaz		incomplete	_for_gaz
for_prospection		incomplete	_for_prospection
for_prospection_end		incomplete	_for_prospection_end
for_prospection_init		incomplete	_for_prospection_init
for_prospection_level		incomplete	_for_prospection_level
for_prospection_loop		incomplete	_for_prospection_loop
fo_flower		incomplete	_fo_flower
fo_ju_serpent		incomplete	_fo_ju_serpent
fxfontaine		incomplete	_fxfontaine
fy-birda		incomplete	_fy-birda
fy-cricketa		incomplete	_fy-cricketa
fy-cricketaplonge		incomplete	_fy-cricketaplonge
fy-papillonadesert		incomplete	_fy-papillonadesert
fy-polendesert		incomplete	_fy-polendesert
fy-polenpapillonadesert		incomplete	_fy-polenpapillonadesert
fy-sandblastadesert		incomplete	_fy-sandblastadesert
fy-sandblastdesert		incomplete	_fy-sandblastdesert
fy_acc_ascenseur		fyros	accessory	incomplete	_ascenseur
fy_burnedtree_a		fyros	incomplete	_burnedtree_a
fy_burnedtree_b		fyros	incomplete	_burnedtree_b
fy_candle_flame		fyros	incomplete	_candle_flame
fy_canyon		fyros	incomplete	_canyon
fy_feu_foret		fyros	incomplete	_feu_foret
fy_firewave		fyros	incomplete	_firewave
fy_fx_krevette		fyros	incomplete	_fx_krevette
fy_geyser_feu		fyros	incomplete	_geyser_feu
fy_geyser_fumee		fyros	incomplete	_geyser_fumee
fy_land_telepod		fyros	incomplete	_land_telepod
fy_land_telepod_small		fyros	incomplete	_land_telepod_small
fy_vapeurs		fyros	incomplete	_vapeurs
fy_ver		fyros	incomplete	_ver
fy_wea_epee2m		fyros	weapon	melee	two-handed	slashing	sword
fy_wea_gatling		fyros	weapon	ranged	two-handed	autolauncher
fy_wea_hache1m		fyros	weapon	melee	one-handed	slashing	axe
fy_wea_hache2m		fyros	weapon	melee	two-handed	slashing	axe
fy_wea_lanceroquette		fyros	weapon	ranged	two-handed	launcher
fy_wea_muzzle_1shot		fyros	weapon	incomplete	_muzzle_1shot
fy_wea_muzzle_gatling		fyros	weapon	incomplete	_muzzle_gatling
fy_wea_petit_bouclier		fyros	weapon	buckler	shield
ge_acc_baniere_gm		common	accessory	event	banner	g	incomplete	_m
ge_acc_baniere_guide		common	accessory	event	banner	g	incomplete	_uide
ge_acc_baniere_seniorgm		common	accessory	event	banner	incomplete	__seniorgm
ge_acc_baniere_seniorguide		common	accessory	event	banner	incomplete	__seniorguide
ge_feudecamp		common	incomplete	_feudecamp
ge_mission_barriere_kami		common	incomplete	_mission_barriere_kami
ge_mission_barriere_karavan		common	incomplete	_mission_barriere_karavan
ge_mission_borne_teleport_kami		common	incomplete	_mission_borne_teleport_kami
ge_mission_calendar		common	incomplete	_mission_calendar
ge_mission_capsule		common	incomplete	_mission_capsule
ge_mission_cercle_runique		common	incomplete	_mission_cercle_runique
ge_mission_chef_wea_fy		common	incomplete	_mission_chef_wea_fy
ge_mission_chef_wea_ma		common	incomplete	_mission_chef_wea_ma
ge_mission_chef_wea_tr		common	incomplete	_mission_chef_wea_tr
ge_mission_chef_wea_zo		common	incomplete	_mission_chef_wea_zo
ge_mission_chrono		common	incomplete	_mission_chrono
ge_mission_clock		common	incomplete	_mission_clock
ge_mission_clock_3		common	incomplete	_mission_clock_3
ge_mission_courrier		common	incomplete	_mission_courrier
ge_mission_etendard_kami		common	incomplete	_mission_etendard_kami
ge_mission_etendard_karavan		common	incomplete	_mission_etendard_karavan
ge_mission_evenement		common	incomplete	_mission_evenement
ge_mission_fortuna_wheel		common	incomplete	_mission_fortuna_wheel
ge_mission_fortuna_wheel_fx		common	incomplete	_mission_fortuna_wheel_fx
ge_mission_gate_gong		common	incomplete	_mission_gate_gong
ge_mission_grande_barriere_karavan		common	incomplete	_mission_grande_barriere_karavan
ge_mission_grande_barriere_karavan_far		common	incomplete	_mission_grande_barriere_karavan_far
ge_mission_hall_of_fame		common	incomplete	_mission_hall_of_fame
ge_mission_justice_flame		common	incomplete	_mission_justice_flame
ge_mission_kite_kamique		common	incomplete	_mission_kite_kamique
ge_mission_kite_karavan		common	incomplete	_mission_kite_karavan
ge_mission_laptop		common	incomplete	_mission_laptop
ge_mission_outpost_drill_kami		common	incomplete	_mission_outpost_drill_kami
ge_mission_outpost_drill_karavan		common	incomplete	_mission_outpost_drill_karavan
ge_mission_outpost_hall_of_fame		common	incomplete	_mission_outpost_hall_of_fame
ge_mission_portail_kami		common	incomplete	_mission_portail_kami
ge_mission_portail_karavan		common	incomplete	_mission_portail_karavan
ge_mission_pumpkin		common	incomplete	_mission_pumpkin
ge_mission_reverbere		common	incomplete	_mission_reverbere
ge_mission_reverbere_blue		common	incomplete	_mission_reverbere_blue
ge_mission_reverbere_green		common	incomplete	_mission_reverbere_green
ge_mission_reverbere_red		common	incomplete	_mission_reverbere_red
ge_mission_ringate_teleport		common	incomplete	_mission_ringate_teleport
ge_mission_rucksack		common	incomplete	_mission_rucksack
ge_mission_snowman		common	incomplete	_mission_snowman
ge_mission_socle_flame_courage		common	incomplete	_mission_socle_flame_courage
ge_mission_socle_flame_discipline		common	incomplete	_mission_socle_flame_discipline
ge_mission_socle_flame_verite		common	incomplete	_mission_socle_flame_verite
ge_mission_spot_goo		common	incomplete	_mission_spot_goo
ge_mission_talkie		common	incomplete	_mission_talkie
ge_mission_temple_of_jena		common	incomplete	_mission_temple_of_jena
ge_mission_temple_of_maduk		common	incomplete	_mission_temple_of_maduk
ge_mission_tourcombat_kamique		common	incomplete	_mission_tourcombat_kamique
ge_mission_tourcombat_kamique2		common	incomplete	_mission_tourcombat_kamique2
ge_mission_tourcombat_karavan		common	incomplete	_mission_tourcombat_karavan
ge_mission_xmas_tree		common	incomplete	_mission_xmas_tree
ge_wea_muzzle_1shot		common	weapon	incomplete	_muzzle_1shot
ge_wea_muzzle_gatling		common	weapon	incomplete	_muzzle_gatling
goo_mo_charogneinsect		incomplete	_goo_mo_charogneinsect
goo_mo_charognemamal		incomplete	_goo_mo_charognemamal
hammambubble		incomplete	_hammambubble
hammammist		incomplete	_hammammist
hammam_under_bubble		incomplete	_hammam_under_bubble
icespell		incomplete	_icespell
impact-pistolarc		incomplete	_impact-pistolarc
impactshoota		incomplete	_impactshoota
impactshootvarynx		incomplete	_impactshootvarynx
ju-bata		incomplete	_ju-bata
ju-bugsa		incomplete	_ju-bugsa
ju-bugsb		incomplete	_ju-bugsb
ju-dragonflya		incomplete	_ju-dragonflya
ju-ghosta		incomplete	_ju-ghosta
ju-ghostb		incomplete	_ju-ghostb
ju-solbirtha		incomplete	_ju-solbirtha
ju-solbirthb		incomplete	_ju-solbirthb
ju-solbirthc		incomplete	_ju-solbirthc
ju-solbirthd		incomplete	_ju-solbirthd
ju-treefalla		incomplete	_ju-treefalla
ju-treefallb		incomplete	_ju-treefallb
ju-treefallc		incomplete	_ju-treefallc
ju-treefalld		incomplete	_ju-treefalld
ju_fo_bibubirdb		incomplete	_ju_fo_bibubirdb
ju_fo_birds		incomplete	_ju_fo_birds
ju_fo_birdsb		incomplete	_ju_fo_birdsb
ju_fo_birdsc		incomplete	_ju_fo_birdsc
ju_fo_brumes		incomplete	_ju_fo_brumes
ju_fo_brumesb		incomplete	_ju_fo_brumesb
ju_fo_fee		incomplete	_ju_fo_fee
ju_fo_fishes		incomplete	_ju_fo_fishes
ju_fo_geyser4a		incomplete	_ju_fo_geyser4a
ju_fo_geyser4b		incomplete	_ju_fo_geyser4b
ju_fo_geyser4c		incomplete	_ju_fo_geyser4c
ju_fo_grenouille3		incomplete	_ju_fo_grenouille3
ju_fo_grenouilleb3		incomplete	_ju_fo_grenouilleb3
ju_fo_grenouillec3		incomplete	_ju_fo_grenouillec3
ju_fo_hippocampe		incomplete	_ju_fo_hippocampe
ju_fo_pollen		incomplete	_ju_fo_pollen
ju_fo_pollenb		incomplete	_ju_fo_pollenb
ju_fo_ratsc		incomplete	_ju_fo_ratsc
ju_fo_rotasecte		incomplete	_ju_fo_rotasecte
ju_fo_rotasecteb		incomplete	_ju_fo_rotasecteb
ju_fo_scorpion2		incomplete	_ju_fo_scorpion2
ju_fo_taupe		incomplete	_ju_fo_taupe
ju_fo_vent		incomplete	_ju_fo_vent
ju_smog_goo		incomplete	_ju_smog_goo
ju_waterfall_base		incomplete	_ju_waterfall_base
ju_waterfall_base_big		incomplete	_ju_waterfall_base_big
ju_waterfall_source		incomplete	_ju_waterfall_source
kamibdust		incomplete	_kamibdust
kamibdustsides		incomplete	_kamibdustsides
kamibslobber		incomplete	_kamibslobber
kamidustwall		incomplete	_kamidustwall
kami_foret_precheur2_dead		incomplete	_kami_foret_precheur2_dead
kami_guard_guide2_dead		incomplete	_kami_guard_guide2_dead
kami_guide3_guide4_dead		incomplete	_kami_guide3_guide4_dead
kami_precheur3_precheur4_dead		incomplete	_kami_precheur3_precheur4_dead
ka_wea_muzzle_1shot		kami	weapon	incomplete	_muzzle_1shot
ka_wea_muzzle_gatling		kami	weapon	incomplete	_muzzle_gatling
la_birds		incomplete	_la_birds
la_birdsb		incomplete	_la_birdsb
la_serpent		incomplete	_la_serpent
la_serpent_sub		incomplete	_la_serpent_sub
la_taupe		incomplete	_la_taupe
la_vent		incomplete	_la_vent
lucioles		incomplete	_lucioles
lucioles_big		incomplete	_lucioles_big
mag_aura_divinity		incomplete	_mag_aura_divinity
mag_aura_protection		incomplete	_mag_aura_protection
mag_aura_recept		incomplete	_mag_aura_recept
mag_aura_sapstahp		incomplete	_mag_aura_sapstahp
mag_aura_speedmove		incomplete	_mag_aura_speedmove
mag_cur_cast_beneficcreature		incomplete	_mag_cur_cast_beneficcreature
mag_cur_cast_bomb_end		incomplete	_mag_cur_cast_bomb_end
mag_cur_cast_bomb_end_fail		incomplete	_mag_cur_cast_bomb_end_fail
mag_cur_cast_bomb_init		incomplete	_mag_cur_cast_bomb_init
mag_cur_cast_bomb_loop		incomplete	_mag_cur_cast_bomb_loop
mag_cur_cast_loop		incomplete	_mag_cur_cast_loop
mag_cur_end		incomplete	_mag_cur_end
mag_cur_fail		incomplete	_mag_cur_fail
mag_cur_healhp_end		incomplete	_mag_cur_healhp_end
mag_cur_healhp_fail		incomplete	_mag_cur_healhp_fail
mag_cur_healhp_init_l		incomplete	_mag_cur_healhp_init_l
mag_cur_healhp_init_r		incomplete	_mag_cur_healhp_init_r
mag_cur_healhp_loop		incomplete	_mag_cur_healhp_loop
mag_cur_healsap_end		incomplete	_mag_cur_healsap_end
mag_cur_healsap_fail		incomplete	_mag_cur_healsap_fail
mag_cur_healsap_init_l		incomplete	_mag_cur_healsap_init_l
mag_cur_healsap_init_r		incomplete	_mag_cur_healsap_init_r
mag_cur_healsap_loop		incomplete	_mag_cur_healsap_loop
mag_cur_healsta_end		incomplete	_mag_cur_healsta_end
mag_cur_healsta_fail		incomplete	_mag_cur_healsta_fail
mag_cur_healsta_init_l		incomplete	_mag_cur_healsta_init_l
mag_cur_healsta_init_r		incomplete	_mag_cur_healsta_init_r
mag_cur_healsta_loop		incomplete	_mag_cur_healsta_loop
mag_cur_impact_healhp		incomplete	_mag_cur_impact_healhp
mag_cur_impact_healhp_loop		incomplete	_mag_cur_impact_healhp_loop
mag_cur_impact_healsap		incomplete	_mag_cur_impact_healsap
mag_cur_impact_healsap_loop		incomplete	_mag_cur_impact_healsap_loop
mag_cur_impact_healsta		incomplete	_mag_cur_impact_healsta
mag_cur_impact_healsta_loop		incomplete	_mag_cur_impact_healsta_loop
mag_cur_init		incomplete	_mag_cur_init
mag_cur_loop		incomplete	_mag_cur_loop
mag_cur_missile_bomb		incomplete	_mag_cur_missile_bomb
mag_cur_missile_chain		incomplete	_mag_cur_missile_chain
mag_cur_missile_spray		incomplete	_mag_cur_missile_spray
mag_def_fear_end_l		incomplete	_mag_def_fear_end_l
mag_def_fear_end_r		incomplete	_mag_def_fear_end_r
mag_def_fear_fail		incomplete	_mag_def_fear_fail
mag_def_fear_init_l		incomplete	_mag_def_fear_init_l
mag_def_fear_init_r		incomplete	_mag_def_fear_init_r
mag_def_fear_loop_l		incomplete	_mag_def_fear_loop_l
mag_def_fear_loop_r		incomplete	_mag_def_fear_loop_r
mag_def_impact_resist		incomplete	_mag_def_impact_resist
mag_def_root_fail		incomplete	_mag_def_root_fail
mag_def_sleep_end_l		incomplete	_mag_def_sleep_end_l
mag_def_sleep_fail		incomplete	_mag_def_sleep_fail
mag_def_sleep_init_l		incomplete	_mag_def_sleep_init_l
mag_def_sleep_init_r		incomplete	_mag_def_sleep_init_r
mag_def_sleep_loop		incomplete	_mag_def_sleep_loop
mag_def_stun_end_l		incomplete	_mag_def_stun_end_l
mag_def_stun_fail		incomplete	_mag_def_stun_fail
mag_def_stun_init_l		incomplete	_mag_def_stun_init_l
mag_def_stun_init_r		incomplete	_mag_def_stun_init_r
mag_def_stun_loop		incomplete	_mag_def_stun_loop
mag_gauntlet		incomplete	_mag_gauntlet
mag_gauntlet_1		incomplete	_mag_gauntlet_1
mag_gauntlet_2		incomplete	_mag_gauntlet_2
mag_mix_cast_end		incomplete	_mag_mix_cast_end
mag_mix_cast_init		incomplete	_mag_mix_cast_init
mag_mix_cast_loop		incomplete	_mag_mix_cast_loop
mag_off_acid_end		incomplete	_mag_off_acid_end
mag_off_acid_fail		incomplete	_mag_off_acid_fail
mag_off_acid_init_l		incomplete	_mag_off_acid_init_l
mag_off_acid_init_r		incomplete	_mag_off_acid_init_r
mag_off_acid_loop		incomplete	_mag_off_acid_loop
mag_off_blind_end		incomplete	_mag_off_blind_end
mag_off_blind_fail		incomplete	_mag_off_blind_fail
mag_off_blind_init_l		incomplete	_mag_off_blind_init_l
mag_off_blind_init_r		incomplete	_mag_off_blind_init_r
mag_off_blind_loop		incomplete	_mag_off_blind_loop
mag_off_cast_bomb_end		incomplete	_mag_off_cast_bomb_end
mag_off_cast_bomb_end_fail		incomplete	_mag_off_cast_bomb_end_fail
mag_off_cast_bomb_init		incomplete	_mag_off_cast_bomb_init
mag_off_cast_bomb_loop		incomplete	_mag_off_cast_bomb_loop
mag_off_cast_offensivecreature		incomplete	_mag_off_cast_offensivecreature
mag_off_cold_end		incomplete	_mag_off_cold_end
mag_off_cold_fail		incomplete	_mag_off_cold_fail
mag_off_cold_init_l		incomplete	_mag_off_cold_init_l
mag_off_cold_init_r		incomplete	_mag_off_cold_init_r
mag_off_cold_loop		incomplete	_mag_off_cold_loop
mag_off_electric_end_l		incomplete	_mag_off_electric_end_l
mag_off_electric_end_r		incomplete	_mag_off_electric_end_r
mag_off_electric_fail		incomplete	_mag_off_electric_fail
mag_off_electric_init_l		incomplete	_mag_off_electric_init_l
mag_off_electric_init_r		incomplete	_mag_off_electric_init_r
mag_off_electric_loop_l		incomplete	_mag_off_electric_loop_l
mag_off_electric_loop_r		incomplete	_mag_off_electric_loop_r
mag_off_end		incomplete	_mag_off_end
mag_off_fail		incomplete	_mag_off_fail
mag_off_fire_end_l		incomplete	_mag_off_fire_end_l
mag_off_fire_fail		incomplete	_mag_off_fire_fail
mag_off_fire_init_l		incomplete	_mag_off_fire_init_l
mag_off_fire_loop_l		incomplete	_mag_off_fire_loop_l
mag_off_impact_acid		incomplete	_mag_off_impact_acid
mag_off_impact_acid_loop		incomplete	_mag_off_impact_acid_loop
mag_off_impact_blunt		incomplete	_mag_off_impact_blunt
mag_off_impact_blunt_loop		incomplete	_mag_off_impact_blunt_loop
mag_off_impact_cold		incomplete	_mag_off_impact_cold
mag_off_impact_cold_loop		incomplete	_mag_off_impact_cold_loop
mag_off_impact_curse		incomplete	_mag_off_impact_curse
mag_off_impact_curse_loop		incomplete	_mag_off_impact_curse_loop
mag_off_impact_electric		incomplete	_mag_off_impact_electric
mag_off_impact_electric_loop		incomplete	_mag_off_impact_electric_loop
mag_off_impact_fear		incomplete	_mag_off_impact_fear
mag_off_impact_fear_loop		incomplete	_mag_off_impact_fear_loop
mag_off_impact_fire		incomplete	_mag_off_impact_fire
mag_off_impact_fire_loop		incomplete	_mag_off_impact_fire_loop
mag_off_impact_hatred		incomplete	_mag_off_impact_hatred
mag_off_impact_hatred_loop		incomplete	_mag_off_impact_hatred_loop
mag_off_impact_loop_break		incomplete	_mag_off_impact_loop_break
mag_off_impact_mezz		incomplete	_mag_off_impact_mezz
mag_off_impact_mezz_loop		incomplete	_mag_off_impact_mezz_loop
mag_off_impact_piercing		incomplete	_mag_off_impact_piercing
mag_off_impact_piercing_loop		incomplete	_mag_off_impact_piercing_loop
mag_off_impact_poison		incomplete	_mag_off_impact_poison
mag_off_impact_poison_loop		incomplete	_mag_off_impact_poison_loop
mag_off_impact_root		incomplete	_mag_off_impact_root
mag_off_impact_root_loop		incomplete	_mag_off_impact_root_loop
mag_off_impact_rot		incomplete	_mag_off_impact_rot
mag_off_impact_rot_loop		incomplete	_mag_off_impact_rot_loop
mag_off_impact_shockwave		incomplete	_mag_off_impact_shockwave
mag_off_impact_shockwave_loop		incomplete	_mag_off_impact_shockwave_loop
mag_off_impact_sickness		incomplete	_mag_off_impact_sickness
mag_off_impact_sickness_loop		incomplete	_mag_off_impact_sickness_loop
mag_off_impact_slashing		incomplete	_mag_off_impact_slashing
mag_off_impact_slashing_loop		incomplete	_mag_off_impact_slashing_loop
mag_off_impact_stun		incomplete	_mag_off_impact_stun
mag_off_impact_stun_loop		incomplete	_mag_off_impact_stun_loop
mag_off_init		incomplete	_mag_off_init
mag_off_kami_cast_end		incomplete	_mag_off_kami_cast_end
mag_off_kami_cast_init		incomplete	_mag_off_kami_cast_init
mag_off_kami_cast_loop		incomplete	_mag_off_kami_cast_loop
mag_off_kami_fo_p2_cast_end		incomplete	_mag_off_kami_fo_p2_cast_end
mag_off_kami_fo_p2_cast_init		incomplete	_mag_off_kami_fo_p2_cast_init
mag_off_kami_fo_p2_cast_loop		incomplete	_mag_off_kami_fo_p2_cast_loop
mag_off_kami_g3_g4_cast_end		incomplete	_mag_off_kami_g3_g4_cast_end
mag_off_kami_g3_g4_cast_init		incomplete	_mag_off_kami_g3_g4_cast_init
mag_off_kami_g3_g4_cast_loop		incomplete	_mag_off_kami_g3_g4_cast_loop
mag_off_kami_gd_g2_cast_end		incomplete	_mag_off_kami_gd_g2_cast_end
mag_off_kami_gd_g2_cast_init		incomplete	_mag_off_kami_gd_g2_cast_init
mag_off_kami_gd_g2_cast_loop		incomplete	_mag_off_kami_gd_g2_cast_loop
mag_off_kami_p3_p4_cast_end		incomplete	_mag_off_kami_p3_p4_cast_end
mag_off_kami_p3_p4_cast_init		incomplete	_mag_off_kami_p3_p4_cast_init
mag_off_kami_p3_p4_cast_loop		incomplete	_mag_off_kami_p3_p4_cast_loop
mag_off_loop		incomplete	_mag_off_loop
mag_off_madness_end_l		incomplete	_mag_off_madness_end_l
mag_off_madness_fail		incomplete	_mag_off_madness_fail
mag_off_madness_init_l		incomplete	_mag_off_madness_init_l
mag_off_madness_init_r		incomplete	_mag_off_madness_init_r
mag_off_madness_loop_l		incomplete	_mag_off_madness_loop_l
mag_off_madness_loop_r		incomplete	_mag_off_madness_loop_r
mag_off_missile_acid		incomplete	_mag_off_missile_acid
mag_off_missile_bomb		incomplete	_mag_off_missile_bomb
mag_off_missile_bomb_b		incomplete	_mag_off_missile_bomb_b
mag_off_missile_bomb_gc		incomplete	_mag_off_missile_bomb_gc
mag_off_missile_chain		incomplete	_mag_off_missile_chain
mag_off_missile_chain_gc		incomplete	_mag_off_missile_chain_gc
mag_off_missile_electric		incomplete	_mag_off_missile_electric
mag_off_missile_fire		incomplete	_mag_off_missile_fire
mag_off_missile_kami		incomplete	_mag_off_missile_kami
mag_off_missile_kami_fire		incomplete	_mag_off_missile_kami_fire
mag_off_missile_poison		incomplete	_mag_off_missile_poison
mag_off_missile_shock		incomplete	_mag_off_missile_shock
mag_off_missile_spray		incomplete	_mag_off_missile_spray
mag_off_missile_spray_gc		incomplete	_mag_off_missile_spray_gc
mag_off_poison_end		incomplete	_mag_off_poison_end
mag_off_poison_end_l		incomplete	_mag_off_poison_end_l
mag_off_poison_end_r		incomplete	_mag_off_poison_end_r
mag_off_poison_fail		incomplete	_mag_off_poison_fail
mag_off_poison_init_l		incomplete	_mag_off_poison_init_l
mag_off_poison_init_r		incomplete	_mag_off_poison_init_r
mag_off_poison_loop		incomplete	_mag_off_poison_loop
mag_off_poison_loop_l		incomplete	_mag_off_poison_loop_l
mag_off_poison_loop_r		incomplete	_mag_off_poison_loop_r
mag_off_root_end		incomplete	_mag_off_root_end
mag_off_root_init_l		incomplete	_mag_off_root_init_l
mag_off_root_init_r		incomplete	_mag_off_root_init_r
mag_off_root_loop		incomplete	_mag_off_root_loop
mag_off_rot_end		incomplete	_mag_off_rot_end
mag_off_rot_fail		incomplete	_mag_off_rot_fail
mag_off_rot_init_l		incomplete	_mag_off_rot_init_l
mag_off_rot_init_r		incomplete	_mag_off_rot_init_r
mag_off_rot_loop		incomplete	_mag_off_rot_loop
mag_off_shock_end		incomplete	_mag_off_shock_end
mag_off_shock_fail		incomplete	_mag_off_shock_fail
mag_off_shock_init_l		incomplete	_mag_off_shock_init_l
mag_off_shock_init_r		incomplete	_mag_off_shock_init_r
mag_off_shock_loop		incomplete	_mag_off_shock_loop
mag_off_slowaction_end		incomplete	_mag_off_slowaction_end
mag_off_slowaction_fail		incomplete	_mag_off_slowaction_fail
mag_off_slowaction_init_l		incomplete	_mag_off_slowaction_init_l
mag_off_slowaction_loop		incomplete	_mag_off_slowaction_loop
mag_off_slowmvt_end		incomplete	_mag_off_slowmvt_end
mag_off_slowmvt_fail		incomplete	_mag_off_slowmvt_fail
mag_off_slowmvt_init_l		incomplete	_mag_off_slowmvt_init_l
mag_off_slowmvt_loop		incomplete	_mag_off_slowmvt_loop
matis_alcove		incomplete	_matis_alcove
ma_acc_ascenseur		matis	accessory	incomplete	_ascenseur
ma_land_telepod		matis	incomplete	_land_telepod
ma_serre_waterfall		matis	incomplete	_serre_waterfall
ma_wea_dague		matis	weapon	melee	one-handed	piercing	dagger
ma_wea_epee2m		matis	weapon	melee	two-handed	slashing	sword
ma_wea_fusil		matis	weapon	ranged	two-handed	rifle
ma_wea_lance1m		matis	weapon	melee	one-handed	piercing	spear
ma_wea_lance2m		matis	weapon	melee	two-handed	piercing	pike
ma_wea_muzzle_1shot		matis	weapon	incomplete	_muzzle_1shot
ma_wea_muzzle_gatling		matis	weapon	incomplete	_muzzle_gatling
ma_wea_petit_bouclier		matis	weapon	buckler	shield
ma_wea_pistolet		matis	weapon	ranged	one-handed	pistol
mel_impact		incomplete	_mel_impact
mel_impactblunt		incomplete	_mel_impactblunt
mel_impactpiercing		incomplete	_mel_impactpiercing
mel_impactslashing		incomplete	_mel_impactslashing
mel_levelup4to5		incomplete	_mel_levelup4to5
mel_meditenchantment		incomplete	_mel_meditenchantment
mel_ran_impact_blind		incomplete	_mel_ran_impact_blind
mel_ran_impact_electric		incomplete	_mel_ran_impact_electric
mel_wea_enchantment		incomplete	_mel_wea_enchantment
meteo_humidity		incomplete	_meteo_humidity
meteo_thundersand		incomplete	_meteo_thundersand
meteo_wind		incomplete	_meteo_wind
misc_caravan_teleportout		incomplete	_misc_caravan_teleportout
misc_ca_ship		incomplete	_misc_ca_ship
misc_ca_ship_turn_left		incomplete	_misc_ca_ship_turn_left
misc_ca_ship_turn_right		incomplete	_misc_ca_ship_turn_right
misc_ca_spaceship		incomplete	_misc_ca_spaceship
misc_ca_spaceship2		incomplete	_misc_ca_spaceship2
misc_ca_spaceship2_turn_left		incomplete	_misc_ca_spaceship2_turn_left
misc_ca_spaceship2_turn_right		incomplete	_misc_ca_spaceship2_turn_right
misc_dead		incomplete	_misc_dead
misc_encyclopediabook_all		incomplete	_misc_encyclopediabook_all
misc_encyclopediabook_fy		incomplete	_misc_encyclopediabook_fy
misc_encyclopediabook_ma		incomplete	_misc_encyclopediabook_ma
misc_encyclopediabook_tr		incomplete	_misc_encyclopediabook_tr
misc_encyclopediabook_zo		incomplete	_misc_encyclopediabook_zo
misc_kami_teleportout		incomplete	_misc_kami_teleportout
misc_levelup		incomplete	_misc_levelup
misc_preorder		incomplete	_misc_preorder
misc_rafale_neige		incomplete	_misc_rafale_neige
misc_respiration_course		incomplete	_misc_respiration_course
misc_respiration_fixe		incomplete	_misc_respiration_fixe
misc_respiration_marche		incomplete	_misc_respiration_marche
misc_telepodkami		incomplete	_misc_telepodkami
misc_telepodkaravan		incomplete	_misc_telepodkaravan
mouches		incomplete	_mouches
mo_c3_specialatk		incomplete	_mo_c3_specialatk
mo_c4_specialatk		incomplete	_mo_c4_specialatk
mo_c5_specialatk		incomplete	_mo_c5_specialatk
mo_c6_specialatk		incomplete	_mo_c6_specialatk
mo_carnitree_atk		incomplete	_mo_carnitree_atk
mo_carnitree_mag_cast		incomplete	_mo_carnitree_mag_cast
mo_carnitree_ran_atk		incomplete	_mo_carnitree_ran_atk
mo_charogneinsect		incomplete	_mo_charogneinsect
mo_charognemamal		incomplete	_mo_charognemamal
mo_chonari_specialatk		incomplete	_mo_chonari_specialatk
mo_cute_cur_cast_debilitating_end_l		incomplete	_mo_cute_cur_cast_debilitating_end_l
mo_cute_cur_cast_debilitating_end_r		incomplete	_mo_cute_cur_cast_debilitating_end_r
mo_cute_cur_cast_debilitating_init_l		incomplete	_mo_cute_cur_cast_debilitating_init_l
mo_cute_cur_cast_debilitating_init_r		incomplete	_mo_cute_cur_cast_debilitating_init_r
mo_cute_cur_cast_debilitating_loop		incomplete	_mo_cute_cur_cast_debilitating_loop
mo_cute_mag_cur_cast_heal_end		incomplete	_mo_cute_mag_cur_cast_heal_end
mo_cute_mag_cur_cast_heal_init_l		incomplete	_mo_cute_mag_cur_cast_heal_init_l
mo_cute_mag_cur_cast_heal_init_r		incomplete	_mo_cute_mag_cur_cast_heal_init_r
mo_cute_mag_cur_cast_heal_loop		incomplete	_mo_cute_mag_cur_cast_heal_loop
mo_cute_mag_off_cast_damaging_end		incomplete	_mo_cute_mag_off_cast_damaging_end
mo_cute_mag_off_cast_damaging_init_l		incomplete	_mo_cute_mag_off_cast_damaging_init_l
mo_cute_mag_off_cast_damaging_init_r		incomplete	_mo_cute_mag_off_cast_damaging_init_r
mo_cute_mag_off_cast_damaging_loop		incomplete	_mo_cute_mag_off_cast_damaging_loop
mo_cute_mag_off_cast_incapaciting_end		incomplete	_mo_cute_mag_off_cast_incapaciting_end
mo_cute_mag_off_cast_incapaciting_loop		incomplete	_mo_cute_mag_off_cast_incapaciting_loop
mo_cute_mag_off_incapacitating_init_l		incomplete	_mo_cute_mag_off_incapacitating_init_l
mo_cute_mag_off_incapacitating_init_r		incomplete	_mo_cute_mag_off_incapacitating_init_r
mo_cute_specialatk		incomplete	_mo_cute_specialatk
mo_electroalg_mag_cast		incomplete	_mo_electroalg_mag_cast
mo_endrobouchea_atk		incomplete	_mo_endrobouchea_atk
mo_endrobouchea_intm		incomplete	_mo_endrobouchea_intm
mo_endrobouchea_mag_cast		incomplete	_mo_endrobouchea_mag_cast
mo_endrobouchea_ran_atk		incomplete	_mo_endrobouchea_ran_atk
mo_frahari_mag_off_cast_damaging_init_r		incomplete	_mo_frahari_mag_off_cast_damaging_init_r
mo_frahar_cur_cast_debilitating_end_l		incomplete	_mo_frahar_cur_cast_debilitating_end_l
mo_frahar_cur_cast_debilitating_end_r		incomplete	_mo_frahar_cur_cast_debilitating_end_r
mo_frahar_cur_cast_debilitating_init_l		incomplete	_mo_frahar_cur_cast_debilitating_init_l
mo_frahar_cur_cast_debilitating_init_r		incomplete	_mo_frahar_cur_cast_debilitating_init_r
mo_frahar_cur_cast_debilitating_loop		incomplete	_mo_frahar_cur_cast_debilitating_loop
mo_frahar_mag_cur_cast_heal_end		incomplete	_mo_frahar_mag_cur_cast_heal_end
mo_frahar_mag_cur_cast_heal_init_l		incomplete	_mo_frahar_mag_cur_cast_heal_init_l
mo_frahar_mag_cur_cast_heal_init_r		incomplete	_mo_frahar_mag_cur_cast_heal_init_r
mo_frahar_mag_cur_cast_heal_loop		incomplete	_mo_frahar_mag_cur_cast_heal_loop
mo_frahar_mag_off_cast_damaging_end		incomplete	_mo_frahar_mag_off_cast_damaging_end
mo_frahar_mag_off_cast_damaging_init_l		incomplete	_mo_frahar_mag_off_cast_damaging_init_l
mo_frahar_mag_off_cast_damaging_init_r		incomplete	_mo_frahar_mag_off_cast_damaging_init_r
mo_frahar_mag_off_cast_damaging_loop		incomplete	_mo_frahar_mag_off_cast_damaging_loop
mo_frahar_mag_off_cast_incapacitating_init_l		incomplete	_mo_frahar_mag_off_cast_incapacitating_init_l
mo_frahar_mag_off_cast_incapacitating_init_r		incomplete	_mo_frahar_mag_off_cast_incapacitating_init_r
mo_frahar_mag_off_cast_incapaciting_end		incomplete	_mo_frahar_mag_off_cast_incapaciting_end
mo_frahar_mag_off_cast_incapaciting_loop		incomplete	_mo_frahar_mag_off_cast_incapaciting_loop
mo_frahar_mag_off_incapacitating_init_l		incomplete	_mo_frahar_mag_off_incapacitating_init_l
mo_frahar_mag_off_incapacitating_init_r		incomplete	_mo_frahar_mag_off_incapacitating_init_r
mo_frahar_specialatk		incomplete	_mo_frahar_specialatk
mo_gibbai_cur_cast_debilitating_end_l		incomplete	_mo_gibbai_cur_cast_debilitating_end_l
mo_gibbai_cur_cast_debilitating_end_r		incomplete	_mo_gibbai_cur_cast_debilitating_end_r
mo_gibbai_cur_cast_debilitating_init_l		incomplete	_mo_gibbai_cur_cast_debilitating_init_l
mo_gibbai_cur_cast_debilitating_init_r		incomplete	_mo_gibbai_cur_cast_debilitating_init_r
mo_gibbai_cur_cast_debilitating_loop		incomplete	_mo_gibbai_cur_cast_debilitating_loop
mo_gibbai_mag_cur_cast_heal_end		incomplete	_mo_gibbai_mag_cur_cast_heal_end
mo_gibbai_mag_cur_cast_heal_init_l		incomplete	_mo_gibbai_mag_cur_cast_heal_init_l
mo_gibbai_mag_cur_cast_heal_init_r		incomplete	_mo_gibbai_mag_cur_cast_heal_init_r
mo_gibbai_mag_cur_cast_heal_loop		incomplete	_mo_gibbai_mag_cur_cast_heal_loop
mo_gibbai_mag_off_cast_damaging_end		incomplete	_mo_gibbai_mag_off_cast_damaging_end
mo_gibbai_mag_off_cast_damaging_init_l		incomplete	_mo_gibbai_mag_off_cast_damaging_init_l
mo_gibbai_mag_off_cast_damaging_init_r		incomplete	_mo_gibbai_mag_off_cast_damaging_init_r
mo_gibbai_mag_off_cast_damaging_loop		incomplete	_mo_gibbai_mag_off_cast_damaging_loop
mo_gibbai_mag_off_cast_incapacitating_init_l		incomplete	_mo_gibbai_mag_off_cast_incapacitating_init_l
mo_gibbai_mag_off_cast_incapacitating_init_r		incomplete	_mo_gibbai_mag_off_cast_incapacitating_init_r
mo_gibbai_mag_off_cast_incapaciting_end		incomplete	_mo_gibbai_mag_off_cast_incapaciting_end
mo_gibbai_mag_off_cast_incapaciting_loop		incomplete	_mo_gibbai_mag_off_cast_incapaciting_loop
mo_gibbai_mag_off_incapacitating_init_l		incomplete	_mo_gibbai_mag_off_incapacitating_init_l
mo_gibbai_mag_off_incapacitating_init_r		incomplete	_mo_gibbai_mag_off_incapacitating_init_r
mo_gibbai_specialatk		incomplete	_mo_gibbai_specialatk
mo_h10_specialatk		incomplete	_mo_h10_specialatk
mo_h11_specialatk		incomplete	_mo_h11_specialatk
mo_h12_specialatk		incomplete	_mo_h12_specialatk
mo_h2_specialatk		incomplete	_mo_h2_specialatk
mo_h3_specialatk		incomplete	_mo_h3_specialatk
mo_h6_specialatk		incomplete	_mo_h6_specialatk
mo_h7_specialatk		incomplete	_mo_h7_specialatk
mo_h9_specialatk		incomplete	_mo_h9_specialatk
mo_hastasha_specialatk		incomplete	_mo_hastasha_specialatk
mo_kakty_specialatk		incomplete	_mo_kakty_specialatk
mo_kami_dress_fo_p2		incomplete	_mo_kami_dress_fo_p2
mo_kami_dress_g3_g4		incomplete	_mo_kami_dress_g3_g4
mo_kami_dress_gd_g2		incomplete	_mo_kami_dress_gd_g2
mo_kami_dress_p3_p4		incomplete	_mo_kami_dress_p3_p4
mo_kitifly_dress		incomplete	_mo_kitifly_dress
mo_kitihank_specialatk		incomplete	_mo_kitihank_specialatk
mo_kitikil_dress		incomplete	_mo_kitikil_dress
mo_kitikil_specialatk		incomplete	_mo_kitikil_specialatk
mo_kitimandib_specialatk		incomplete	_mo_kitimandib_specialatk
mo_kitinarak_specialatk		incomplete	_mo_kitinarak_specialatk
mo_kitinega_specialatk		incomplete	_mo_kitinega_specialatk
mo_kitinokto_specialatk		incomplete	_mo_kitinokto_specialatk
mo_phytopsy_death		incomplete	_mo_phytopsy_death
mo_phytopsy_idle		incomplete	_mo_phytopsy_idle
mo_phytopsy_intm		incomplete	_mo_phytopsy_intm
mo_phytopsy_mag_cast		incomplete	_mo_phytopsy_mag_cast
mo_phytopsy_reveil		incomplete	_mo_phytopsy_reveil
mo_ryzerb_specialatk		incomplete	_mo_ryzerb_specialatk
mo_sapenslaver_atk		incomplete	_mo_sapenslaver_atk
mo_sapenslaver_mag_cast		incomplete	_mo_sapenslaver_mag_cast
mo_sapenslaver_ran_atk		incomplete	_mo_sapenslaver_ran_atk
mo_swarmplant_atk		incomplete	_mo_swarmplant_atk
mo_swarmplant_mag_cast		incomplete	_mo_swarmplant_mag_cast
mo_swarmplant_ran_atk		incomplete	_mo_swarmplant_ran_atk
mo_swarmplant_swarm		incomplete	_mo_swarmplant_swarm
mo_vampignon_specialatk		incomplete	_mo_vampignon_specialatk
mo_yber_specialatk		incomplete	_mo_yber_specialatk
mo_zerx_specialatk		incomplete	_mo_zerx_specialatk
mp_kitinegg		incomplete	_mp_kitinegg
mp_ressources		incomplete	_mp_ressources
ne_land_telepod		incomplete	_ne_land_telepod
outpost_kami_type		incomplete	_outpost_kami_type
outpost_karavan_type		incomplete	_outpost_karavan_type
plantfeed		incomplete	_plantfeed
plantgrimpeb		incomplete	_plantgrimpeb
pow_berserke		incomplete	_pow_berserke
primr-bugsa		incomplete	_primr-bugsa
primr-bugsb		incomplete	_primr-bugsb
primr-bugsc		incomplete	_primr-bugsc
primr-bugsd		incomplete	_primr-bugsd
primr-bugse		incomplete	_primr-bugse
primr-solbirtha		incomplete	_primr-solbirtha
primr-solbirthb		incomplete	_primr-solbirthb
primr-solbirthc		incomplete	_primr-solbirthc
primr-solbirthd		incomplete	_primr-solbirthd
pr_fx_krevette		incomplete	_pr_fx_krevette
pr_fx_lombrique		incomplete	_pr_fx_lombrique
pr_fx_sakapatate		incomplete	_pr_fx_sakapatate
pr_grenouille3		incomplete	_pr_grenouille3
pr_grenouilleb3		incomplete	_pr_grenouilleb3
pr_grenouillec3		incomplete	_pr_grenouillec3
pr_grenouille_eau3		incomplete	_pr_grenouille_eau3
pr_grenouille_eaub3		incomplete	_pr_grenouille_eaub3
pr_grenouille_seve3		incomplete	_pr_grenouille_seve3
pr_land_telepod		incomplete	_pr_land_telepod
pr_pollen		incomplete	_pr_pollen
pr_pollen2		incomplete	_pr_pollen2
pr_ratsc		incomplete	_pr_ratsc
ran_cast_pistolarc		incomplete	_ran_cast_pistolarc
ran_ca_hof_shoot		incomplete	_ran_ca_hof_shoot
ran_ca_hom_shoot_left		incomplete	_ran_ca_hom_shoot_left
ran_ca_hom_shoot_right		incomplete	_ran_ca_hom_shoot_right
ran_impact		incomplete	_ran_impact
ran_impact_2		incomplete	_ran_impact_2
ran_impact_explosion		incomplete	_ran_impact_explosion
ran_impact_gatlin		incomplete	_ran_impact_gatlin
ran_missile_acid		incomplete	_ran_missile_acid
ran_missile_blind		incomplete	_ran_missile_blind
ran_missile_blunt		incomplete	_ran_missile_blunt
ran_missile_electric		incomplete	_ran_missile_electric
ran_missile_fire		incomplete	_ran_missile_fire
ran_missile_glue		incomplete	_ran_missile_glue
ran_missile_poison		incomplete	_ran_missile_poison
ran_missile_shockwave		incomplete	_ran_missile_shockwave
ran_wea_missile		incomplete	_ran_wea_missile
rayon		incomplete	_rayon
sandblasta		incomplete	_sandblasta
sfx_selection		incomplete	_sfx_selection
sfx_selection_mouseover		incomplete	_sfx_selection_mouseover
sfx_sky_clouds		incomplete	_sfx_sky_clouds
sfx_sky_comete		incomplete	_sfx_sky_comete
sfx_sky_moon01		incomplete	_sfx_sky_moon01
sfx_sky_moon02		incomplete	_sfx_sky_moon02
sfx_sky_moon03		incomplete	_sfx_sky_moon03
sfx_sky_shootingstar		incomplete	_sfx_sky_shootingstar
sfx_sky_storm_clouds		incomplete	_sfx_sky_storm_clouds
sfx_sky_storm_clouds_b		incomplete	_sfx_sky_storm_clouds_b
sfx_sky_storm_dome		incomplete	_sfx_sky_storm_dome
sfx_sky_storm_lightning		incomplete	_sfx_sky_storm_lightning
sfx_sky_storm_lightning_b		incomplete	_sfx_sky_storm_lightning_b
sfx_sky_sun		incomplete	_sfx_sky_sun
shoota		incomplete	_shoota
shootasmok		incomplete	_shootasmok
smokechaudiere		incomplete	_smokechaudiere
smokesidechaudiere		incomplete	_smokesidechaudiere
smoke_oasis_kamik		incomplete	_smoke_oasis_kamik
spire_fx_ca_01		incomplete	_spire_fx_ca_01
spire_fx_ca_02		incomplete	_spire_fx_ca_02
spire_fx_ca_03		incomplete	_spire_fx_ca_03
spire_fx_ca_04		incomplete	_spire_fx_ca_04
spire_fx_ca_05		incomplete	_spire_fx_ca_05
spire_fx_ca_06		incomplete	_spire_fx_ca_06
spire_fx_ca_07		incomplete	_spire_fx_ca_07
spire_fx_ca_08		incomplete	_spire_fx_ca_08
spire_fx_ca_09		incomplete	_spire_fx_ca_09
spire_fx_ca_10		incomplete	_spire_fx_ca_10
spire_fx_ca_11		incomplete	_spire_fx_ca_11
spire_fx_ca_12		incomplete	_spire_fx_ca_12
spire_fx_ca_13		incomplete	_spire_fx_ca_13
spire_fx_ca_14		incomplete	_spire_fx_ca_14
spire_fx_ca_15		incomplete	_spire_fx_ca_15
spire_fx_ca_16		incomplete	_spire_fx_ca_16
spire_fx_ca_17		incomplete	_spire_fx_ca_17
spire_fx_ca_18		incomplete	_spire_fx_ca_18
spire_fx_ca_19		incomplete	_spire_fx_ca_19
spire_fx_ca_20		incomplete	_spire_fx_ca_20
spire_fx_ca_21		incomplete	_spire_fx_ca_21
spire_fx_ca_22		incomplete	_spire_fx_ca_22
spire_fx_ca_23		incomplete	_spire_fx_ca_23
spire_fx_ka_01		incomplete	_spire_fx_ka_01
spire_fx_ka_02		incomplete	_spire_fx_ka_02
spire_fx_ka_03		incomplete	_spire_fx_ka_03
spire_fx_ka_04		incomplete	_spire_fx_ka_04
spire_fx_ka_05		incomplete	_spire_fx_ka_05
spire_fx_ka_06		incomplete	_spire_fx_ka_06
spire_fx_ka_07		incomplete	_spire_fx_ka_07
spire_fx_ka_08		incomplete	_spire_fx_ka_08
spire_fx_ka_09		incomplete	_spire_fx_ka_09
spire_fx_ka_10		incomplete	_spire_fx_ka_10
spire_fx_ka_11		incomplete	_spire_fx_ka_11
spire_fx_ka_12		incomplete	_spire_fx_ka_12
spire_fx_ka_13		incomplete	_spire_fx_ka_13
spire_fx_ka_14		incomplete	_spire_fx_ka_14
spire_fx_ka_15		incomplete	_spire_fx_ka_15
spire_fx_ka_16		incomplete	_spire_fx_ka_16
spire_fx_ka_17		incomplete	_spire_fx_ka_17
spire_fx_ka_18		incomplete	_spire_fx_ka_18
spire_fx_ka_19		incomplete	_spire_fx_ka_19
spire_fx_ka_20		incomplete	_spire_fx_ka_20
spire_fx_ka_21		incomplete	_spire_fx_ka_21
spire_fx_ka_22		incomplete	_spire_fx_ka_22
spire_fx_ka_23		incomplete	_spire_fx_ka_23
sp_bien_cure		incomplete	_sp_bien_cure
sp_bien_cure_lev1		incomplete	_sp_bien_cure_lev1
sp_bien_cure_lev2		incomplete	_sp_bien_cure_lev2
sp_bien_cure_lev3		incomplete	_sp_bien_cure_lev3
sp_bien_cure_lev4		incomplete	_sp_bien_cure_lev4
sp_bien_cure_lev5		incomplete	_sp_bien_cure_lev5
sp_bien_end_fizzle		incomplete	_sp_bien_end_fizzle
sp_bien_end_fumble		incomplete	_sp_bien_end_fumble
sp_bien_end_ok		incomplete	_sp_bien_end_ok
sp_bien_end_ok_lev1		incomplete	_sp_bien_end_ok_lev1
sp_bien_end_ok_lev2		incomplete	_sp_bien_end_ok_lev2
sp_bien_end_ok_lev3		incomplete	_sp_bien_end_ok_lev3
sp_bien_end_ok_lev4		incomplete	_sp_bien_end_ok_lev4
sp_bien_end_ok_lev5		incomplete	_sp_bien_end_ok_lev5
sp_bien_init		incomplete	_sp_bien_init
sp_bien_loop		incomplete	_sp_bien_loop
sp_cast_end_fizzle		incomplete	_sp_cast_end_fizzle
sp_cast_end_fumble		incomplete	_sp_cast_end_fumble
sp_cast_end_ok		incomplete	_sp_cast_end_ok
sp_cast_init		incomplete	_sp_cast_init
sp_cast_loop		incomplete	_sp_cast_loop
sp_host_end_fizzle		incomplete	_sp_host_end_fizzle
sp_host_end_fumble		incomplete	_sp_host_end_fumble
sp_host_end_ok_lev1		incomplete	_sp_host_end_ok_lev1
sp_host_end_ok_lev2		incomplete	_sp_host_end_ok_lev2
sp_host_end_ok_lev3		incomplete	_sp_host_end_ok_lev3
sp_host_end_ok_lev4		incomplete	_sp_host_end_ok_lev4
sp_host_end_ok_lev5		incomplete	_sp_host_end_ok_lev5
sp_host_hurt		incomplete	_sp_host_hurt
sp_host_hurt_lev1		incomplete	_sp_host_hurt_lev1
sp_host_hurt_lev2		incomplete	_sp_host_hurt_lev2
sp_host_hurt_lev3		incomplete	_sp_host_hurt_lev3
sp_host_hurt_lev4		incomplete	_sp_host_hurt_lev4
sp_host_hurt_lev5		incomplete	_sp_host_hurt_lev5
sp_host_hurt_lev5back2		incomplete	_sp_host_hurt_lev5back2
sp_host_hurt_lev5backup		incomplete	_sp_host_hurt_lev5backup
sp_host_init		incomplete	_sp_host_init
sp_host_loop		incomplete	_sp_host_loop
sp_medit		incomplete	_sp_medit
sp_mort		incomplete	_sp_mort
sp_neutre_end_fizzle		incomplete	_sp_neutre_end_fizzle
sp_neutre_end_fumble		incomplete	_sp_neutre_end_fumble
sp_neutre_end_ok		incomplete	_sp_neutre_end_ok
sp_neutre_end_ok_lev1		incomplete	_sp_neutre_end_ok_lev1
sp_neutre_end_ok_lev2		incomplete	_sp_neutre_end_ok_lev2
sp_neutre_end_ok_lev3		incomplete	_sp_neutre_end_ok_lev3
sp_neutre_end_ok_lev4		incomplete	_sp_neutre_end_ok_lev4
sp_neutre_end_ok_lev5		incomplete	_sp_neutre_end_ok_lev5
sp_neutre_init		incomplete	_sp_neutre_init
sp_neutre_loop		incomplete	_sp_neutre_loop
sp_neutre_protect_lev1		incomplete	_sp_neutre_protect_lev1
sp_neutre_protect_lev2		incomplete	_sp_neutre_protect_lev2
sp_neutre_protect_lev3		incomplete	_sp_neutre_protect_lev3
sp_neutre_protect_lev4		incomplete	_sp_neutre_protect_lev4
sp_neutre_protect_lev5		incomplete	_sp_neutre_protect_lev5
sp_progress		incomplete	_sp_progress
sp_protect		incomplete	_sp_protect
sp_resist		incomplete	_sp_resist
sp_resist_lev1		incomplete	_sp_resist_lev1
sp_resist_lev2		incomplete	_sp_resist_lev2
sp_resist_lev3		incomplete	_sp_resist_lev3
sp_resist_lev4		incomplete	_sp_resist_lev4
sp_resist_lev5		incomplete	_sp_resist_lev5
stardust		incomplete	_stardust
steprunhomboue		incomplete	_steprunhomboue
steprunhomdust		incomplete	_steprunhomdust
steprunhomveget		incomplete	_steprunhomveget
steprunhomwet		incomplete	_steprunhomwet
stepswim		incomplete	_stepswim
stepswimidle		incomplete	_stepswimidle
stepswimrun		incomplete	_stepswimrun
stepswimspeed		incomplete	_stepswimspeed
stepswimspeedunderwater		incomplete	_stepswimspeedunderwater
stepswimunderwater		incomplete	_stepswimunderwater
stepswimwalk		incomplete	_stepswimwalk
stepwalkhomboue		incomplete	_stepwalkhomboue
stepwalkhomdust		incomplete	_stepwalkhomdust
stepwalkhomveget		incomplete	_stepwalkhomveget
stepwalkhomwet		incomplete	_stepwalkhomwet
tr-colibris		incomplete	_tr-colibris
tr-dragonflya		incomplete	_tr-dragonflya
tr-dragonflyb		incomplete	_tr-dragonflyb
tr-fishes		incomplete	_tr-fishes
tr-fishesb		incomplete	_tr-fishesb
tr_ascenseur		tryker	incomplete	_ascenseur
tr_fx_bigbird		tryker	incomplete	_fx_bigbird
tr_land_telepod		tryker	incomplete	_land_telepod
tr_tablebulle		tryker	incomplete	_tablebulle
tr_waterfall_base		tryker	incomplete	_waterfall_base
tr_waterfall_base_big		tryker	incomplete	_waterfall_base_big
tr_wea_dague		tryker	weapon	melee	one-handed	piercing	dagger
tr_wea_epee1m		tryker	weapon	melee	one-handed	slashing	sword
tr_wea_epee2m		tryker	weapon	melee	two-handed	slashing	sword
tr_wea_muzzle_1shot		tryker	weapon	incomplete	_muzzle_1shot
tr_wea_muzzle_gatling		tryker	weapon	incomplete	_muzzle_gatling
tr_wea_petit_bouclier		tryker	weapon	buckler	shield
tr_wea_pistolarc		tryker	weapon	ranged	one-handed	bowpistol
tr_wea_pistolet_sousmarin		tryker	weapon	ranged	one-handed	pistol	underwater
underwater		incomplete	_underwater
vegetdarkspell		incomplete	_vegetdarkspell
vegetdarkspellb		incomplete	_vegetdarkspellb
zorai_ambre		incomplete	_zorai_ambre
zo_acc_ascenseur		zorai	accessory	incomplete	_ascenseur
zo_bt_mon_flare_couloir		zorai	incomplete	_bt_mon_flare_couloir
zo_flare		zorai	incomplete	_flare
zo_land_telepod		zorai	incomplete	_land_telepod
zo_wea_fusarc		zorai	weapon	ranged	two-handed	bowrifle
zo_wea_lance1m		zorai	weapon	melee	one-handed	piercing	spear
zo_wea_lanceroquette		zorai	weapon	ranged	two-handed	launcher
zo_wea_masse1m		zorai	weapon	melee	one-handed	blunt	mace
zo_wea_masse2m		zorai	weapon	melee	two-handed	blunt	mace
zo_wea_muzzle_1shot		zorai	weapon	incomplete	_muzzle_1shot
zo_wea_muzzle_gatling		zorai	weapon	incomplete	_muzzle_gatling
zo_wea_petit_bouclier		zorai	weapon	buckler	shield
